Mean,Median,Std,Min,Max,Q1,Q3,Non-Null Count
37.252572,37.403866,2.475118,32.552705,42.4175,34.879371,39.052768,50881
