Mean,Median,Std,Min,Max,Q1,Q3,Non-Null Count
-120.184626,-120.561389,2.07874,-124.3993,-114.137511,-121.668429,-118.633333,50881
