Year,Fire Count,% of Total,Total Acres,Mean Acres,Median Acres
2014,6493,12.76,547828.57,84.37218081010317,0.1
2015,7354,14.45,779074.74,105.93890943704106,0.1
2016,7882,15.49,574862.96,72.93364120781527,0.1
2017,9537,18.74,1360160.0,142.61927230785363,0.1
2018,9488,18.65,1635757.5999999999,172.40278246205733,0.1
2019,6454,12.68,294620.97,45.64936008676789,0.1
2020,3673,7.22,39305.01,10.701064524911517,0.2
