Mean,Median,Std,Min,Max,Q1,Q3,Non-Null Count
31.848043,32.1524,1.881397,25.86612,36.73117,30.7953,32.88976,51033
