Mean,Median,Std,Min,Max,Q1,Q3,Non-Null Count
-97.34696,-97.152095,2.17337,-106.638155,-93.558267,-98.5482,-95.598903,51033
