Year,Fire Count,% of Total,Total Acres,Mean Acres,Median Acres
2014,8538,16.73,143843.03,16.847391660810494,1.0
2015,8304,16.27,208761.73,25.139900048169558,1.0
2016,8586,16.82,306421.94,35.6885557884929,1.0
2017,8922,17.48,752278.1,84.3172046626317,1.0
2018,7533,14.76,475705.73,63.14957254745785,1.0
2019,6455,12.65,206158.01,31.937724244771495,1.0
2020,2695,5.28,102824.34,38.153743970315396,1.0
